Irene,Karen
Gregory,Richard
Paul,Michael
Jason,Jerry
Jason,Scott
Craig,Betty
Kimberly,Raymond
Frank,Michael
Thomas,Anthony
Carl,Heather
Nicole,Jennifer
Lawrence,Gloria
Rebecca,Jerry
Heather,Mark
Bonnie,Peter
Kevin,Rachel
Ernest,Martha
Brian,Timothy
Annie,Adam
Larry,Norma
Donna,Joe
Kenneth,Michelle
Wayne,Jeremy
Jeffrey,Shawn
Heather,Brandon
Heather,Judith
Brandon,Annie
Theresa,Diane
Judy,Jesse
Bonnie,Diana
Paula,Martha
Richard,Susan
Rose,Nicole
Rose,Craig
Irene,Donna
Charles,Mark
Adam,Anne
Christopher,Victor
Lawrence,Tina
Mark,Heather
Billy,Justin
Robert,Kelly
Linda,Eugene
Janet,Beverly
Joshua,Brenda
Angela,Rachel
Dorothy,Catherine
Patricia,Amanda
Virginia,Amanda
Catherine,Gregory
Benjamin,Stephanie
Martin,Kathryn
Bonnie,Ruby
Margaret,James
Jesse,Harold
Bonnie,Jeremy
Kathryn,Edward
Marie,Sean
Craig,Annie
Karen,Johnny
Laura,Kathy
Jessica,Bonnie
Angela,Joyce
Julia,Emily
Victor,Ruth
Roy,Wayne
Steve,Victor
Mary,Jeremy
Phyllis,Andrea
Bobby,Alan
Jose,Kathy
Justin,Bruce
Sandra,Rebecca
Walter,Doris
Harry,Kathryn
Martha,Richard
James,Brian
Thomas,Melissa
Willie,Justin
Cheryl,Craig
Jimmy,Frances
Kathryn,Wanda
Kenneth,Amanda
Lori,Carol
Jeffrey,Melissa
Joan,Carl
Harry,Betty
Benjamin,Debra
Katherine,Janet
Brandon,Brenda
Christine,Richard
Patrick,Christine
Terry,Evelyn
Victor,Anthony
Gregory,Diana
Ashley,Ryan
Antonio,Jane
Stephen,Laura
Ralph,Deborah
Mark,Albert
Edward,Craig
Benjamin,Raymond
Melissa,Paula
Evelyn,Patricia
Bruce,Jose
Chris,Katherine
Jerry,Todd
Phillip,Tammy
Robert,Irene
Sharon,Roger
Linda,Mary
Ronald,Christine
Theresa,Virginia
Rose,Jose
Michelle,Frances
Ralph,Ernest
Joe,Christopher
Ruth,Robin
Sharon,Nicholas
Kevin,Margaret
Bruce,Mildred
Jack,Johnny
Janet,Antonio
Ernest,Billy
Paul,Teresa
Jeffrey,Ernest
Russell,Elizabeth
Irene,Ruby
Rachel,Jerry
Sarah,Johnny
Lisa,Raymond
Anna,Tammy
Anthony,Linda
Cheryl,Michael
Amanda,Clarence
Kenneth,Victor
Douglas,Melissa
Rose,Rachel
Harold,Carlos
Gregory,Annie
Ruby,Jane
Christine,Wayne
Martin,Antonio
Joyce,Joan
Diane,Teresa
Adam,Amanda
Jason,Julia
Margaret,Carl
Benjamin,Nancy
Mildred,Margaret
Linda,Daniel
Diane,Mildred
Sara,Margaret
Pamela,Robert
Eric,Jose
Cynthia,Shirley
Julia,Jeremy
Billy,Ruby
Amanda,Tina
Lisa,Frances
Julie,Theresa
Melissa,Lillian
Todd,Joe
Doris,Cheryl
Chris,Sean
Paula,Kelly
Kenneth,Louise
Jane,Pamela
Pamela,Alan
Martha,Ronald
Wanda,Frances
Mark,Julia
Jeremy,Mary
Jonathan,Daniel
David,Jeffrey
Gloria,Karen
Walter,Louis
Mark,Phillip
Louise,Christine
Catherine,Anna
Juan,Rose
Kelly,Kathryn
Virginia,Joyce
Michelle,Stephen
Norma,Jerry
Ryan,Harry
Christine,Lisa
Irene,Edward
Jonathan,Janice
Arthur,Angela
Carlos,Marie
Cheryl,Nicholas
Angela,Peter
Earl,Carlos
Kevin,Walter
Carl,Walter
Charles,Ann
Jacqueline,David
Howard,Martha
Elizabeth,Andrew
Joe,Judith
Martin,Jack
Ruth,Ernest
Nicole,Ryan
Kenneth,Amy
Martin,Jack
Mary,Jack
Willie,Kathleen
Denise,Peter
Beverly,Edward
Helen,Kevin
Robert,Kathy
Brandon,Wayne
Sarah,Lois
Eric,Louis
Martha,Frank
Philip,Michael
Patrick,Robin
Heather,Antonio
Bruce,Larry
Lisa,David
Justin,Annie
Michael,Brian
Brian,Betty
Mildred,Johnny
Norma,Patricia
Cynthia,Wanda
Russell,Carol
Kathryn,Carl
Martha,Nicole
Christine,Heather
Raymond,Brenda
Cheryl,Bruce
Kathleen,James
Michelle,Margaret
Peter,Janet
Tammy,Charles
Martin,Gary
Roy,Eugene
Harry,Charles
Michael,Michael
Margaret,Doris
Christopher,Maria
Richard,Stephanie
Janice,Jimmy
Kimberly,Martha
Heather,Mary
Doris,George
Nicole,George
Anne,Jennifer
Emily,Deborah
Thomas,Thomas
Brandon,Shawn
Jeremy,Louis
Brian,Mark
Catherine,Karen
Joshua,Gregory
Sara,Robert
Brenda,Keith
Steve,Beverly
Roy,Justin
Bonnie,Phillip
Harold,Jack
Linda,Emily
Ruby,Kathy
Teresa,Jimmy
Larry,Jesse
Benjamin,Mary
Jose,Barbara
Judy,Aaron
Cheryl,Jeremy
Lillian,John
Raymond,Samuel
Helen,Kenneth
Andrea,Jeffrey
Diane,Norma
Billy,Edward
Bruce,Victor
Sarah,Julie
Andrea,Ashley
James,Terry
Antonio,Arthur
Martha,Dennis
Donald,Bonnie
Thomas,Shirley
Raymond,Sean
Dorothy,Wayne
Carlos,Paul
Sharon,Carlos
Robin,Donald
Stephen,Harry
Janice,Lori
Russell,Douglas
Susan,Earl
Jeffrey,Denise
Judith,Clarence
Lisa,Michael
Betty,Denise
Lillian,Thomas
Marie,Stephen
Louise,Paula
Cynthia,Raymond
Jane,Randy
Susan,Gregory
Karen,Timothy
Henry,Christina
Diane,Ernest
Patricia,Sean
Tammy,Michelle
Chris,Anne
Deborah,Linda
Ann,Joan
Lawrence,Susan
Todd,Patrick
Evelyn,Maria
Andrew,Maria
Julie,Doris
Ryan,Earl
Roger,Terry
Andrew,Maria
Patricia,Shirley
Tina,Helen
Stephanie,Karen
David,Christine
Brandon,Bruce
Karen,Donald
Martin,Eugene
Jesse,Kimberly
Sandra,Joan
Irene,Charles
Robin,Nicole
Teresa,Sean
Nancy,Tammy
Lisa,Johnny
Evelyn,Phyllis
Phyllis,Anne
Willie,Benjamin
Louis,Jack
James,Tammy
Henry,Norma
Jason,Lois
Nicole,Tammy
Wanda,Thomas
Stephen,Emily
Julie,Jeremy
Tammy,Kimberly
Julia,Amanda
Kevin,Janet
Earl,Lawrence
Douglas,Peter
Alice,Bonnie
Jacqueline,Evelyn
Johnny,Jose
Denise,Jeremy
Albert,Larry
Susan,Brian
Fred,Alice
Daniel,Janet
Benjamin,Steven
Catherine,Lisa
Richard,Roy
Betty,Jimmy
Kathy,Karen
Matthew,Adam
Robin,Donald
Jeremy,Beverly
Chris,Matthew
Christopher,Laura
Irene,Judith
Marilyn,Evelyn
Mary,Theresa
Doris,Anna
Keith,Rebecca
Kathryn,James
Gregory,Laura
Mildred,Wanda
David,Robert
Doris,Norma
Kathy,Gloria
Robert,Bobby
Maria,Sara
Diane,Stephen
Jessica,Jason
Chris,David
Raymond,Peter
Raymond,Diane
Kathy,Ronald
Harold,Peter
Willie,Debra
Maria,Harry
Christopher,Jerry
Ashley,Robin
Pamela,Anne
Susan,Paula
Sara,Ernest
Jack,Lillian
Aaron,Michelle
Justin,Keith
Earl,Sean
Douglas,Shirley
Kathy,Shirley
Teresa,Susan
Frank,Laura
Martin,Michelle
Frank,Richard
Deborah,Johnny
Ryan,Sandra
Judith,Sara
Patrick,Deborah
Mark,Matthew
Clarence,Raymond
Shirley,Christine
Paul,Janet
Sarah,Rose
Benjamin,Anne
Susan,Pamela
Sharon,Jessica
Judy,Joyce
Judy,Dennis
Kenneth,Betty
Judith,Jerry
Mark,Jane
Roger,Charles
Russell,Donna
Joan,Randy
John,Virginia
Juan,Eric
Eugene,Catherine
Dorothy,Paul
Angela,Frank
Roy,Larry
Kathleen,Rose
Pamela,Charles
Marie,Elizabeth
Dennis,Katherine
Margaret,Ruby
Aaron,Andrea
Paula,Ruby
Annie,Jeffrey
John,Diane
Tina,Terry
Barbara,Mary
Carolyn,Albert
Cynthia,Carolyn
Clarence,Wanda
Eugene,Peter
Clarence,Steve
Gerald,Ann
Ruby,Earl
Wanda,Carol
Michelle,Russell
Todd,Jane
Kelly,Brandon
Christopher,Peter
Craig,Steve
Nancy,Louis
Chris,Katherine
Billy,Fred
Shirley,Christina
Martin,Sean
George,Barbara
Steven,Ann
Raymond,Philip
Eric,Arthur
Kathryn,Walter
Kathryn,Edward
Irene,Matthew
Lawrence,Bruce
Martha,Nancy
Mark,Frances
James,Rebecca
Phyllis,Kathryn
Clarence,Roy
Kathy,Susan
Anthony,Wayne
Louise,Frank
Jean,Kathy
Lori,Timothy
Kathy,Frank
Cynthia,Brenda
Helen,Deborah
Jean,Alice
Patricia,Aaron
Patrick,Kimberly
Steve,Debra
Andrew,Jean
Richard,Ralph
Lillian,Willie
Martin,Jessica
Julie,Jeffrey
Jean,Howard
Jeffrey,Raymond
Victor,Doris
Jonathan,Kimberly
Anna,Bobby
Denise,Bruce
Dorothy,Roy
Julie,Clarence
Andrew,Brenda
Anne,Anna
Helen,Brenda
Ann,Frank
Scott,Amanda
Amanda,David
Louis,Eric
Kathleen,Matthew
Joshua,Janet
Aaron,Betty
Betty,Jonathan
Keith,Jeffrey
Ruby,Stephanie
Maria,Justin
Jane,Philip
Bruce,Janet
Eric,Beverly
Mark,Peter
Carolyn,Angela
Jason,Keith
Justin,Mary
Susan,Laura
Sandra,Judy
Gloria,Earl
Jose,Jerry
Gary,Walter
Samuel,Irene
Jose,Willie
Victor,Kimberly
Donna,Cheryl
Michael,Gerald
Janet,Sarah
Charles,Laura
Gloria,Janet
Louis,Mark
Kenneth,Diane
Judith,Jose
Randy,Jesse
Larry,Andrea
Karen,Joshua
Christina,Donna
Kathy,Jean
Harold,Willie
Daniel,Marilyn
Linda,George
Elizabeth,Aaron
Kimberly,Frank
Cynthia,Anna
Willie,Jean
Lois,Jesse
Nicholas,Melissa
Beverly,John
Elizabeth,Mary
Michael,Melissa
Elizabeth,Catherine
Debra,Carol
Helen,Elizabeth
Lawrence,Heather
Sean,Joshua
Sara,Timothy
Dorothy,Heather
Steve,Alan
Alice,Mary
Samuel,Thomas
Justin,Catherine
Joyce,Nicholas
Stephen,Keith
Dorothy,Bonnie
Matthew,Kathy
Gerald,Roger
Linda,Kimberly
Evelyn,Christine
Ernest,Sharon
Mildred,William
Phillip,Roger
Matthew,Martha
Eric,Jerry
Helen,Irene
Antonio,Roy
Jonathan,Joshua
Brenda,Kevin
Fred,Robin
Harold,Joyce
Arthur,Brenda
Karen,Alan
Irene,Jessica
Bruce,Martha
Irene,Julie
Linda,Christine
Brenda,Ernest
Diana,Dennis
Bobby,Joan
Teresa,Shawn
Roger,Brandon
Peter,Karen
Kathryn,Joe
Kathleen,Howard
Anthony,Howard
Theresa,Rebecca
Irene,Harry
Ashley,Bobby
Nicholas,Kelly
Donald,Benjamin
Todd,Nicole
Louise,Gregory
David,Philip
Martha,Janet
Heather,Mildred
Eugene,Lawrence
Bonnie,Dennis
Sandra,Judy
Andrea,Kenneth
Evelyn,Fred
Lois,Eugene
Tina,Jose
Arthur,Philip
Joyce,Stephen
Steve,Ronald
Joe,Christina
Jose,Wanda
Todd,Louise
Julie,Ashley
Bobby,Judy
Dennis,Rose
Alice,Billy
Albert,Carol
Roger,Frank
Louis,Stephanie
Lois,Fred
Jean,Laura
Gerald,Catherine
Walter,Andrea
Jimmy,Janet
Todd,Ruby
Janet,Debra
Andrea,Amy
Bonnie,Scott
Melissa,Marie
Ernest,Patrick
Johnny,Angela
Craig,Harold
Nicole,Heather
Patricia,Cheryl
Kathryn,Mark
Lisa,Arthur
Craig,Kimberly
Ruth,Kathleen
Annie,Kathy
Donna,Earl
Judy,Matthew
Ashley,Diana
Martha,Irene
Dorothy,Jimmy
Sarah,Kelly
Frank,Julia
Fred,Todd
Donald,Philip
Mary,Ann
Julie,Janice
Sara,Ronald
Gregory,Fred
Michael,Timothy
Joe,Wayne
Ernest,Sean
Joe,Eugene
Kevin,Maria
Kathy,Donald
Gerald,Douglas
Kathleen,Albert
Angela,Joshua
Martin,Heather
Bonnie,Joshua
Carl,Samuel
Antonio,Harry
Juan,Matthew
Janice,Debra
Scott,Rose
Craig,Michelle
Nicholas,Deborah
Billy,Helen
Justin,Lillian
Gloria,Patricia
Wanda,Bobby
Rose,Willie
Mary,Mildred
Gerald,Louis
Nancy,Theresa
Louise,Carl
Phillip,Andrew
Billy,Ronald
Joseph,Louise
Charles,Robert
Stephanie,Martin
Barbara,Amanda
Carol,Carlos
James,Ronald
Ronald,Frank
Robert,Carolyn
Catherine,Thomas
Kathy,Sarah
Theresa,Billy
Brenda,Michelle
Carl,Jane
Eugene,Carolyn
Rose,Anthony
Fred,Kathleen
Emily,Doris
Angela,Sarah
Doris,Jeremy
Paul,Irene
Alan,Doris
George,Joyce
William,Marie
Doris,Earl
David,Sandra
Phillip,Adam
Elizabeth,Diana
Chris,Jennifer
Marie,Stephen
Brandon,Paul
Robert,Bruce
Frank,Stephen
Jane,Steven
Kathy,Katherine
Deborah,Paul
Donna,Mildred
Laura,Jason
Annie,Mary
Louise,Ralph
Frances,Susan
Dorothy,Frances
Jose,Nicholas
Lois,Laura
Evelyn,Gerald
Willie,Craig
Steven,Thomas
Timothy,Ann
Christopher,Melissa
Janet,Mark
Kenneth,Justin
Karen,Annie
Carlos,Melissa
Gloria,Ruby
Eric,Lois
Jessica,Linda
Richard,Patricia
Edward,Alan
Kathryn,Julie
Lori,James
Margaret,Susan
Jesse,Katherine
Diana,Joyce
Jeffrey,Raymond
Harry,Terry
Gerald,Marilyn
Helen,Jessica
Bonnie,Paula
Brian,Anthony
Nicholas,Sean
Sharon,Robin
Julia,Kathleen
Carolyn,Ernest
Fred,Eric
Phyllis,Linda
Norma,Jack
Jennifer,Helen
Norma,Amanda
Susan,Billy
Maria,Eric
Cynthia,Johnny
Donna,Timothy
Susan,Louis
Daniel,Rebecca
Kathryn,Robin
Brandon,Doris
Frances,Roger
Russell,Katherine
Kathleen,Kevin
Alan,Richard
Tina,Juan
Karen,Gloria
Richard,Nancy
Dorothy,Bruce
Kimberly,David
Debra,Irene
Raymond,Paul
Julia,Eric
Benjamin,Emily
Betty,Nicholas
Nicholas,Julie
Dennis,Sean
Patrick,Keith
Joe,Kathryn
Catherine,Donna
Catherine,Russell
Doris,Rachel
Kimberly,Jean
Nicholas,Kathryn
Janice,Barbara
Chris,Jesse
Dorothy,Julia
Tina,Ruby
Ashley,Earl
Emily,Brian
Kathleen,Linda
Norma,Steven
Justin,Evelyn
Juan,George
Peter,Wayne
Deborah,Anthony
Jeremy,Johnny
Edward,Harry
Edward,Martin
Beverly,Shirley
Lisa,Bruce
Wayne,Diane
Phyllis,Kathleen
Victor,Douglas
Laura,Jesse
Sarah,Nancy
Linda,Shirley
Scott,Andrew
Anna,Lawrence
Juan,Brian
Michael,Amanda
Janice,Helen
John,Alice
Willie,Paul
Julia,Walter
Kenneth,Juan
Craig,Michelle
Steven,Thomas
Barbara,Janice
Pamela,Ralph
Ryan,Adam
Linda,Diana
David,Ralph
Denise,Arthur
Ernest,Ruth
Shirley,Janet
Johnny,Randy
Virginia,George
Albert,Benjamin
Amanda,Phillip
Jose,Helen
Charles,Mildred
Laura,Gregory
Eric,Ashley
Evelyn,Marie
Scott,Carol
Louise,Johnny
Richard,Amanda
Benjamin,Joseph
Roger,Alan
Tina,Tammy
Billy,Bobby
Christine,Michelle
Pamela,Eugene
Joe,Johnny
Sean,Peter
Craig,Harold
Robin,Jonathan
Howard,Judy
Carol,Brenda
Teresa,Virginia
Ryan,Gerald
Adam,Linda
Christina,Lois
Brian,Raymond
Bonnie,Joan
Randy,Maria
Joan,Louis
Joseph,Donald
Annie,Roy
Evelyn,Edward
Margaret,Kenneth
Judith,Tina
Laura,Clarence
Nicole,Brenda
Raymond,Jose
Victor,Linda
Maria,Angela
Martha,Johnny
Ryan,Brenda
Ruby,Judith
Lisa,Sharon
Nicole,Norma
Stephanie,Ashley
Barbara,Rose
Linda,Emily
Christina,Kathy
Frank,Doris
Anne,Willie
Brandon,Tina
Richard,Kathy
Donna,Jose
Ryan,Eric
Robin,Terry
Judith,Charles
Michelle,Aaron
Christine,Robin
Heather,Christina
Joe,Todd
Chris,Jack
Diana,Raymond
Diane,Carl
Sandra,Matthew
Joshua,Ruth
Howard,Karen
Eric,Ralph
Cynthia,Katherine
Emily,Clarence
Jimmy,Marilyn
Aaron,Dorothy
Jeremy,Bobby
Craig,Heather
Laura,Diana
Dennis,Joyce
Betty,Nicole
Billy,Robin
Joyce,Elizabeth
Dorothy,Brian
Jeffrey,Nancy
Matthew,David
Shirley,Steve
Gregory,Amanda
Timothy,Gregory
Frances,Joyce
Theresa,Marie
Gregory,Virginia
Laura,Kathleen
Kevin,Anna
Wayne,Judy
Walter,Christopher
Arthur,James
Stephanie,Paula
Peter,Keith
Brandon,Jean
Stephanie,Wayne
Mary,Thomas
Harry,Donald
Jack,Ryan
Edward,Mary
Charles,Beverly
Donald,Ruth
Jimmy,Anna
Jeremy,Raymond
Cheryl,Donna
Bruce,Christopher
Howard,Ernest
Terry,Shawn
Mary,Juan
Roy,Aaron
Jonathan,Theresa
Jeffrey,Gary
Stephen,Gary
Christine,Dorothy
Antonio,Paula
Christopher,Louise
Rachel,Ruth
Keith,Nicole
Jerry,Susan
Larry,Diane
Ronald,Jose
Joseph,Amy
Diana,Janice
Edward,Lillian
Henry,Billy
Steven,Jason
Heather,Rachel
Kelly,David
Rose,Jane
Louise,Julia
Albert,Louis
Michael,Irene
Judy,Jerry
Wanda,Ralph
Steven,Jerry
Brenda,Sarah
Benjamin,George
Brenda,Christina
Alice,Martin
Henry,Theresa
Michelle,Helen
Benjamin,Lillian
Julie,Martha
Deborah,Ruby
Louise,Andrew
Joyce,Thomas
Andrea,Steven
Terry,Brenda
Adam,Christopher
Larry,Anne
Harold,Brandon
Diana,George
Karen,Craig
Christine,Earl
Tammy,Christine
Walter,Anthony
Frances,Wayne
Janice,Antonio
Jessica,Raymond
