1,Raymond,Diana
2,Sandra,Raymond
3,Tammy,Kevin
4,Carl,Stephanie
5,Jacqueline,Louise
6,Stephanie,Lisa
7,Amanda,Peter
8,Bonnie,Philip
9,Benjamin,Anna
10,Christina,Anna
11,Jimmy,Phyllis
12,Daniel,Ruby
13,Larry,Roger
14,Andrew,Louise
15,Joan,Aaron
16,Gary,Alice
17,David,Sandra
18,Jack,Howard
19,Betty,Sarah
20,Brenda,Jean
21,Anne,Keith
22,Steve,Jennifer
23,Brian,Diana
24,Cheryl,Carl
25,Andrew,William
26,Craig,Keith
27,Christopher,Steven
28,Louise,Sandra
29,Samuel,Diane
30,Irene,Sandra
31,Kevin,Christopher
32,Daniel,Henry
33,Harry,Doris
34,Sandra,Christine
35,Ronald,Gary
36,Sean,Justin
37,Earl,Martin
38,Craig,Heather
39,Gregory,Christopher
40,Betty,Anna
41,David,Anna
42,Kathy,Albert
43,Lori,Ryan
44,Donna,Phillip
45,Albert,Sharon
46,Joseph,Susan
47,Harry,William
48,Margaret,Philip
49,Rachel,Deborah
50,Evelyn,Judith
51,Anthony,Jerry
52,Judith,Judith
53,Robin,Christopher
54,Paul,Virginia
55,Anthony,Amy
56,Ernest,Annie
57,Bonnie,Larry
58,Ryan,Ruby
59,Randy,Judith
60,Rebecca,Sarah
61,Phillip,Eric
62,Shawn,Carlos
63,Ernest,Bonnie
64,Donald,Terry
65,Irene,Jennifer
66,Karen,Jesse
67,Lisa,Carl
68,Terry,Richard
69,Laura,Victor
70,Joseph,Nicholas
71,Christina,Donna
72,Louis,Julia
73,Phillip,Robin
74,Jonathan,Carl
75,Nancy,Shawn
76,Marie,Samuel
77,Jose,Mildred
78,Daniel,Johnny
79,Susan,Frances
80,Antonio,Betty
81,Sean,Joshua
82,Raymond,Diane
83,Tammy,Sara
84,Phyllis,Anthony
85,Patricia,Stephen
86,Catherine,Roy
87,Johnny,Sean
88,Donna,Roy
89,Janice,Frances
90,Denise,Gloria
91,Joan,Debra
92,Stephanie,Amanda
93,Roy,Clarence
94,Mary,Randy
95,Ronald,Emily
96,Wanda,Roy
97,John,Doris
98,Albert,Jerry
99,Joseph,Jimmy
100,Andrew,Sharon
101,Earl,Nicholas
102,Roy,Roy
103,Randy,Steven
104,Ann,Linda
105,Susan,Ronald
106,Brian,Craig
107,Phillip,Earl
108,Virginia,Gerald
109,Henry,Cynthia
110,Jack,Jeffrey
111,Gerald,Willie
112,Diane,Annie
113,Antonio,Jimmy
114,Willie,David
115,Craig,Carol
116,Donna,Rachel
117,Steve,Steven
118,Stephen,Kevin
119,Andrew,Charles
120,Heather,Ralph
121,Marilyn,Carl
122,Dennis,Jacqueline
123,Jerry,Barbara
124,Patrick,Douglas
125,Kathleen,Jessica
126,Theresa,Alice
127,Betty,Patrick
128,Sandra,Jesse
129,Michael,Carolyn
130,Carl,Nancy
131,Earl,Joan
132,Jeremy,Doris
133,Kimberly,Timothy
134,Juan,Carolyn
135,William,Michael
136,Diana,Frank
137,Margaret,Roy
138,Katherine,Kimberly
139,Gloria,Lawrence
140,Eugene,Jonathan
141,Howard,Lillian
142,Willie,Jennifer
143,Nancy,Rachel
144,Samuel,Cynthia
145,Melissa,Jessica
146,Adam,Shawn
147,Charles,Sandra
148,Bruce,William
149,Mary,Willie
150,Jonathan,Ryan
151,Arthur,Laura
152,Annie,Jerry
153,Earl,Juan
154,Keith,Karen
155,Bruce,Ann
156,David,Kimberly
157,James,Debra
158,Alan,Alan
159,Scott,Lois
160,Angela,Nicole
161,Frances,Tammy
162,Michael,Marilyn
163,Ann,George
164,Kevin,James
165,Helen,Bobby
166,Nicole,Raymond
167,Tina,Marie
168,Ruth,Ernest
169,Amy,Alice
170,Emily,Jesse
171,Teresa,Ryan
172,Stephen,Gloria
173,Virginia,Theresa
174,Patricia,Julie
175,Jessica,Russell
176,Carolyn,Cheryl
177,Jean,Theresa
178,Laura,Janet
179,Wayne,Jimmy
180,Richard,Amanda
181,Todd,Katherine
182,Gary,Sean
183,Irene,Douglas
184,Jeremy,Rose
185,Kevin,Amy
186,Kathryn,Carol
187,Keith,Martin
188,Deborah,Phillip
189,Victor,Peter
190,Bobby,Jacqueline
191,Mildred,Theresa
192,Joe,Emily
193,Evelyn,Susan
194,Ann,Charles
195,Anna,Alice
196,William,John
197,Joe,Adam
198,Angela,Eric
199,Anna,Edward
200,Beverly,Jerry
201,Keith,Anne
202,Kelly,Juan
203,Alice,Debra
204,Katherine,Carlos
205,Kathleen,Paul
206,Sandra,Chris
207,Randy,Raymond
208,Mary,Kevin
209,Bonnie,Adam
210,Howard,Sean
211,Jack,Pamela
212,Laura,Sara
213,Philip,Dennis
214,Laura,Patricia
215,Raymond,Anthony
216,Roy,Tina
217,Alan,Julie
218,Lisa,Stephen
219,Nicole,Joshua
220,Rose,Victor
221,Gloria,Janice
222,Douglas,Larry
223,Joyce,Carlos
224,Andrew,Randy
225,Kathleen,Shirley
226,Henry,Lori
227,Ralph,Gerald
228,Roger,Michelle
229,Ronald,Frank
230,Philip,Eric
231,Amanda,Samuel
232,Ralph,Julia
233,Larry,Jimmy
234,Peter,Phillip
235,Donna,Patricia
236,Gerald,Kathryn
237,Richard,Eugene
238,Amy,Robert
239,Carolyn,Albert
240,Philip,Brian
241,Shawn,Todd
242,Joyce,Bonnie
243,Ashley,Sara
244,Ashley,Steve
245,Nicole,Roy
246,Victor,Shawn
247,Gary,Jacqueline
248,Karen,Emily
249,Timothy,Laura
250,Amanda,Emily
251,Katherine,Martha
252,Jason,Donald
253,Carol,Sandra
254,Matthew,Louise
255,Martin,Edward
256,Heather,Ralph
257,Joshua,Ryan
258,Amanda,Paul
259,Amanda,Helen
260,Joan,Sean
261,Ashley,Anthony
262,Angela,Keith
263,Patricia,Linda
264,Dennis,Gregory
265,James,Russell
266,Emily,Donald
267,Sharon,Kathryn
268,David,Sara
269,Craig,Willie
270,Rose,Kelly
271,Roger,Annie
272,Peter,Michael
273,Paula,Clarence
274,Henry,Carolyn
275,Jean,Rose
276,Heather,Irene
277,Gregory,Julia
278,Mark,Patricia
279,Terry,Emily
280,Rose,Harold
281,Mary,Doris
282,Gloria,Benjamin
283,Aaron,Ashley
284,Wanda,Matthew
285,Judith,Samuel
286,Michael,Lori
287,Julie,Ronald
288,Eugene,Richard
289,Betty,Todd
290,Pamela,Willie
291,Ronald,Martha
292,Scott,Laura
293,Joyce,Shawn
294,Ruby,Kathy
295,Jessica,Theresa
296,Paula,Christine
297,Terry,Beverly
298,Martin,Jennifer
299,Lori,Keith
300,Rose,Eugene
301,Fred,Kathy
302,Peter,Amanda
303,Kevin,Keith
304,Victor,James
305,Randy,Brenda
306,Steve,Evelyn
307,Lois,Marilyn
308,Alice,Bonnie
309,Julie,Louise
310,Janice,Wayne
311,Deborah,Richard
312,Beverly,Christina
313,Edward,Joshua
314,David,Rebecca
315,Denise,Jimmy
316,Julia,Karen
317,Jeffrey,Deborah
318,Brian,Jean
319,Juan,Nicholas
320,Ann,Stephanie
321,Kathryn,Keith
322,Bobby,Ruby
323,Patrick,Jeremy
324,Jeremy,Sharon
325,Roy,Bonnie
326,Johnny,Amanda
327,Bonnie,Phyllis
328,Thomas,Ann
329,Andrea,Cynthia
330,Martin,Jack
331,Dennis,Victor
332,Jeremy,Harold
333,Arthur,Todd
334,Andrea,Theresa
335,Shawn,Theresa
336,Frances,David
337,Joyce,James
338,Jonathan,Amanda
339,Eric,Mark
340,Rose,Raymond
341,Todd,Harry
342,Amanda,Nancy
343,Terry,Shawn
344,Charles,Kevin
345,Roger,Jean
346,Jeffrey,Anna
347,Lillian,Daniel
348,Juan,Jean
349,Eric,Kathleen
350,Keith,Harold
351,Gregory,Stephen
352,Ashley,Howard
353,Louise,Antonio
354,Melissa,Kevin
355,Brenda,Debra
356,Marie,Walter
357,Robin,Gary
358,Billy,Donna
359,Jeremy,Rose
360,Paul,Kathryn
361,Patrick,Jimmy
362,Christina,Anne
363,Jason,Shirley
364,Virginia,Christina
365,Terry,Brandon
366,Bruce,Brian
367,Eugene,Jesse
368,Beverly,Dorothy
369,Lawrence,Betty
370,Gary,Antonio
371,Shirley,Norma
372,Andrea,Norma
373,Ashley,Lisa
374,Jack,Robert
375,Craig,Steven
376,Robin,Craig
377,Albert,Robin
378,Carlos,Ruby
379,Kathy,Jacqueline
380,Richard,Louise
381,John,Frances
382,Lois,Clarence
383,Christine,Rebecca
384,Juan,Brenda
385,Jerry,Cheryl
386,Tina,Russell
387,Anthony,Billy
388,Fred,Carl
389,Marilyn,Brenda
390,Peter,Nicholas
391,Amy,Douglas
392,Norma,Kelly
393,Kathleen,Donna
394,Thomas,Benjamin
395,Raymond,Melissa
396,Raymond,Marie
397,Eugene,Heather
398,Jacqueline,Nancy
399,Sharon,Jane
400,Lawrence,Cheryl
401,Mark,Nancy
402,Philip,Lois
403,Clarence,Cheryl
404,Marie,Joseph
405,Laura,Susan
406,Jimmy,Diane
407,Brandon,Arthur
408,Ronald,Scott
409,Alan,Christopher
410,Clarence,Craig
411,Louis,Andrea
412,Albert,Ralph
413,Barbara,Julie
414,Arthur,Sharon
415,Jimmy,Cynthia
416,Dorothy,Wayne
417,Keith,Ruth
418,Amy,Jimmy
419,Samuel,James
420,Maria,Susan
421,Julia,Diana
422,Stephen,Gloria
423,Brandon,Joe
424,Kimberly,Kathy
425,Judy,Stephanie
426,Joyce,Eugene
427,Craig,Linda
428,Nancy,Samuel
429,Andrea,Paula
430,Anne,Clarence
431,Susan,Bruce
432,Randy,Aaron
433,Robert,Joshua
434,Annie,Christine
435,Ralph,Ryan
436,John,Maria
437,Pamela,Juan
438,Martin,Pamela
439,Jessica,Jane
440,Sara,Irene
441,Joshua,Timothy
442,Mildred,Carol
443,Kathryn,James
444,Sara,Deborah
445,Carl,Christina
446,Sara,Mary
447,Angela,Shirley
448,Maria,Antonio
449,Diane,Helen
450,Frances,Ann
451,Kimberly,Dennis
452,Terry,Willie
453,Samuel,Charles
454,Mildred,Robin
455,Phyllis,Alice
456,Stephen,Walter
457,Deborah,Christina
458,Joyce,Beverly
459,Aaron,Deborah
460,Brandon,Raymond
461,Larry,Howard
462,Roy,Ryan
463,Anne,Keith
464,Andrea,Matthew
465,Joseph,Janet
466,Brandon,Linda
467,Christine,Chris
468,Janet,Jeremy
469,Judith,Lois
470,Ronald,Jane
471,Andrea,Julie
472,Joyce,Teresa
473,Amy,Brandon
474,Howard,Donald
475,Bonnie,Justin
476,Lois,Patrick
477,Donna,Billy
478,Kathryn,Kevin
479,Rose,Barbara
480,Amy,Harry
481,Virginia,Kathy
482,Joshua,Wanda
483,Jeffrey,Debra
484,Nicole,Sandra
485,Kenneth,Mary
486,Jonathan,Laura
487,Kevin,Brian
488,Beverly,Sean
489,Anne,Paul
490,Betty,Martin
491,Aaron,Steve
492,Michelle,David
493,Beverly,Henry
494,Sean,Carlos
495,Wayne,Phillip
496,Rachel,Justin
497,Eugene,Kelly
498,Ruby,Kathryn
499,Diana,Jose
500,Peter,Jean
501,Joyce,Andrew
502,Brian,Deborah
503,Jonathan,Louis
504,Kenneth,Johnny
505,Mildred,Gary
506,Janet,Dennis
507,Jack,Doris
508,Beverly,Catherine
509,Mark,Jeremy
510,Teresa,Jerry
511,Jerry,Lois
512,Ruby,Ryan
513,Lawrence,Ashley
514,Jessica,Brenda
515,Jesse,Tammy
516,Lori,Sara
517,Anna,Christina
518,Louise,Ruby
519,Irene,Roy
520,Judith,Raymond
521,Ronald,Christopher
522,Betty,Katherine
523,Julie,Patrick
524,Angela,Carl
525,Timothy,Helen
526,Helen,Robert
527,Gloria,Anne
528,Kathy,Debra
529,William,Deborah
530,Victor,Emily
531,Donald,Norma
532,Michelle,Jessica
533,Johnny,William
534,Philip,Jonathan
535,Rose,Judy
536,Kathleen,Adam
537,Frank,Sharon
538,Barbara,Walter
539,Bruce,Willie
540,Sarah,Richard
541,Anna,Maria
542,Johnny,Wayne
543,Andrea,Julia
544,Willie,Judy
545,Amy,Ryan
546,Tammy,Brenda
547,Brandon,Christopher
548,Jeremy,John
549,Justin,Marie
550,Tina,Roger
551,Martin,Robert
552,Joseph,Paula
553,Steve,Janet
554,Laura,Shirley
555,Randy,Steven
556,Teresa,Antonio
557,Carl,Donald
558,Steve,Marie
559,Gloria,Annie
560,Tina,Frank
561,Beverly,Joe
562,Joseph,Teresa
563,Laura,Patricia
564,Tammy,Louise
565,Rebecca,Bobby
566,Todd,Shawn
567,Jennifer,Ryan
568,Ernest,Andrea
569,Clarence,George
570,Peter,Laura
571,Walter,Susan
572,Douglas,Sara
573,Rose,Aaron
574,Douglas,Kenneth
575,Paul,Johnny
576,Jeremy,Ann
577,Aaron,Kevin
578,Carlos,Stephanie
579,Richard,Brian
580,Jean,Anna
581,Joseph,Amanda
582,Benjamin,George
583,Deborah,Ann
584,Paula,Martin
585,Nancy,Nicole
586,Andrew,Chris
587,Christine,Donna
588,Willie,Jeffrey
589,Edward,Teresa
590,Carol,Benjamin
591,Gloria,Sarah
592,Janet,Heather
593,Roger,Judith
594,Janet,Clarence
595,Michelle,Patricia
596,Louise,Johnny
597,Andrea,Louise
598,Louise,Dennis
599,Randy,Eric
600,Elizabeth,Stephen
601,Virginia,Daniel
602,Mildred,Billy
603,Margaret,Justin
604,Randy,Lawrence
605,Stephanie,Louise
606,Denise,Katherine
607,Norma,Victor
608,Amy,Stephanie
609,Dorothy,Jose
610,Samuel,Lois
611,Beverly,Donna
612,Denise,John
613,Maria,Ann
614,Christina,Rachel
615,Keith,Carol
616,Kathy,Alan
617,Howard,Christine
618,Lawrence,Rachel
619,Helen,Joe
620,Karen,Howard
621,Kathryn,Shirley
622,Dennis,Cheryl
623,Arthur,Patricia
624,Rose,Wayne
625,Alan,Joe
626,Joyce,Jimmy
627,Sarah,Tammy
628,Mildred,Fred
629,Robin,Ruth
630,Amanda,Lois
631,Cheryl,Phillip
632,Billy,Stephanie
633,Alice,Maria
634,Ashley,Jimmy
635,Clarence,Julia
636,Tina,Evelyn
637,Shawn,Nicholas
638,Donald,Sara
639,Brenda,Bonnie
640,Samuel,Julia
641,Norma,Diane
642,Kimberly,Joseph
643,Timothy,Amy
644,Richard,Eric
645,Laura,David
646,Gerald,Dorothy
647,Louise,Jessica
648,Jennifer,Maria
649,Wayne,Margaret
650,Mary,Judith
651,Steve,Teresa
652,Doris,Nicholas
653,Gary,Gary
654,Johnny,Clarence
655,Jean,Cheryl
656,Kimberly,Bruce
657,Jesse,Ryan
658,Jimmy,Rachel
659,Russell,Fred
660,Kathleen,Theresa
661,Philip,Mary
662,Martha,Laura
663,Julia,Judith
664,Russell,Ernest
665,Willie,Christine
666,Ernest,Jeffrey
667,Julie,Elizabeth
668,Johnny,Kevin
669,Kelly,Shawn
670,Robert,William
671,Edward,Keith
672,Peter,Steve
673,Judith,Gloria
674,Anna,Michael
675,Ann,Todd
676,Donna,Gary
677,Angela,Dennis
678,Roy,Ashley
679,Susan,Joan
680,Jacqueline,Johnny
681,Philip,Virginia
682,Lori,Raymond
683,Roy,Alice
684,Patrick,Doris
685,Angela,Anne
686,Doris,Lois
687,Virginia,Samuel
688,Laura,Angela
689,Deborah,Judith
690,Kevin,Adam
691,Maria,Patricia
692,Daniel,Karen
693,Mary,Pamela
694,Beverly,Matthew
695,Larry,Bruce
696,Stephen,Martha
697,Michael,Jack
698,Richard,Fred
699,Ashley,Thomas
700,Maria,Roger
701,Robin,Kathleen
702,Richard,Brian
703,Robert,Rebecca
704,Lori,Andrea
705,Jimmy,Eugene
706,Lisa,Phillip
707,Willie,Joyce
708,Douglas,Lisa
709,Robert,Eugene
710,Kathleen,Anthony
711,Tammy,Paula
712,Stephen,Carl
713,Joshua,Bonnie
714,Benjamin,Linda
715,Carolyn,Joshua
716,Scott,Joan
717,James,Julia
718,Edward,Janice
719,Stephanie,Carlos
720,Alan,James
721,Ashley,William
722,Deborah,Jason
723,Dorothy,Russell
724,Ronald,Frances
725,Gerald,Raymond
726,Jane,Debra
727,Wanda,Howard
728,Betty,Elizabeth
729,Laura,Andrea
730,Laura,Bonnie
731,Timothy,Johnny
732,Melissa,Carolyn
733,Sandra,Christine
734,Joyce,Laura
735,Ruth,Richard
736,Frank,Martha
737,Barbara,Michael
738,Cynthia,Jose
739,Howard,Timothy
740,Sean,Arthur
741,Richard,Sandra
742,Rebecca,Anne
743,Keith,Tammy
744,Justin,Kathleen
745,Albert,Carlos
746,Stephanie,Dorothy
747,Samuel,Lori
748,Mark,Peter
749,Jean,Chris
750,Gerald,Benjamin
751,Pamela,Ruby
752,Michelle,Christine
753,Phyllis,Jack
754,Adam,Kathy
755,Wanda,Janet
756,Mary,Clarence
757,Doris,Lillian
758,Carl,Heather
759,James,Clarence
760,Billy,Samuel
761,Carolyn,Philip
762,Paula,David
763,Victor,Robert
764,Virginia,Marie
765,Louis,Amanda
766,Chris,Phillip
767,Craig,Louis
768,Alice,Carl
769,Roy,Steven
770,Jonathan,Debra
771,Timothy,Judy
772,Mary,Margaret
773,Christine,Benjamin
774,Brandon,Joyce
775,Chris,Peter
776,Matthew,Michelle
777,Andrew,Harry
778,Shirley,Walter
779,Lawrence,Diane
780,Roger,Arthur
781,Lillian,Carlos
782,Patrick,Alan
783,Tammy,Marie
784,Helen,Phyllis
785,Sara,Kelly
786,Jessica,Benjamin
787,Johnny,Scott
788,Ryan,Marilyn
789,Carol,Thomas
790,Emily,Sarah
791,Melissa,Larry
792,Teresa,Amanda
793,Juan,Eric
794,Phillip,Carolyn
795,Phillip,Sarah
796,Jerry,Nancy
797,William,Billy
798,Diana,Carl
799,Adam,Patrick
800,Beverly,Aaron
801,Diane,Chris
802,Dorothy,Wanda
803,Diana,Judy
804,Ronald,Samuel
805,Carol,Julie
806,Brenda,Ashley
807,Teresa,Benjamin
808,Janice,Nicholas
809,Russell,Anne
810,Jessica,Karen
811,Jane,Kevin
812,Carl,Helen
813,Nicole,Anthony
814,Dennis,Rachel
815,Chris,Emily
816,Susan,Benjamin
817,Earl,Debra
818,Frank,Alice
819,Brenda,Kelly
820,Samuel,Carol
821,Phyllis,John
822,Kevin,Beverly
823,Gloria,Gloria
824,Louis,Denise
825,Dennis,Stephen
826,Gerald,Marilyn
827,Daniel,Evelyn
828,Mildred,Phyllis
829,James,Todd
830,Kathleen,Phillip
831,Stephanie,Andrea
832,Laura,Paul
833,Julie,Tina
834,Juan,Antonio
835,Jeffrey,Diane
836,Ryan,Steve
837,Maria,Nancy
838,Annie,Kimberly
839,Phillip,Judith
840,Ashley,Melissa
841,Paul,Joan
842,Judith,Bruce
843,Janet,Louise
844,Stephen,Scott
845,Frank,Ruth
846,Rachel,Fred
847,David,Diane
848,Karen,Irene
849,Tina,George
850,Kathryn,Adam
851,Lillian,Alice
852,James,Heather
853,Nancy,Nicholas
854,Steve,Beverly
855,Wanda,Gregory
856,Phillip,Frank
857,Alan,Denise
858,Steven,Nicole
859,Eric,Kathy
860,Fred,Jane
861,Willie,Jean
862,Philip,Joseph
863,Rose,Linda
864,Lawrence,Julie
865,Anne,Andrea
866,Aaron,Howard
867,Roy,Jonathan
868,Justin,Carl
869,Debra,Henry
870,Ruby,Ryan
871,Gary,Jose
872,Keith,Lawrence
873,Amy,Tammy
874,Laura,Barbara
875,John,Ann
876,Katherine,Julie
877,Bobby,Teresa
878,Chris,Sarah
879,Ryan,Bonnie
880,Wanda,Denise
881,Dorothy,Jimmy
882,Clarence,Teresa
883,Justin,Richard
884,Tammy,Brenda
885,Catherine,Sarah
886,Shawn,Frank
887,Willie,Julia
888,Shirley,Christina
889,Todd,Robin
890,Brian,Tammy
891,Dorothy,Martin
892,Brenda,Christopher
893,Timothy,Laura
894,Denise,Kelly
895,Betty,John
896,John,Jacqueline
897,Rose,Debra
898,Earl,Martha
899,Samuel,Catherine
900,Jason,Barbara
901,Sarah,Carl
902,Theresa,Julia
903,Wanda,Jack
904,Martha,Nicholas
905,Louis,Judith
906,Carol,Sean
907,Jerry,Mary
908,Mildred,Debra
909,Nicholas,Brandon
910,Billy,William
911,Pamela,Karen
912,Sarah,Ralph
913,Joan,Lisa
914,Steven,Dorothy
915,Eric,Ashley
916,Sean,Linda
917,Shirley,Janice
918,Roy,Alice
919,Jesse,Sean
920,Kathleen,Daniel
921,Irene,Walter
922,Ronald,Kelly
923,Margaret,David
924,Jeremy,Jennifer
925,Christina,Stephanie
926,Mary,Fred
927,Steven,Norma
928,Samuel,Timothy
929,Harold,Peter
930,Terry,Stephen
931,Stephen,Louis
932,Nicole,Diana
933,Phillip,Cheryl
934,Patrick,Fred
935,Wayne,Edward
936,Dorothy,Eugene
937,Henry,Edward
938,Norma,Marie
939,Jimmy,Mildred
940,Stephanie,Debra
941,Cynthia,Lillian
942,Lillian,Brian
943,Todd,Pamela
944,Ruth,Donna
945,Earl,Juan
946,Jerry,Dennis
947,Willie,Arthur
948,Kathy,Janice
949,Michael,Louis
950,Justin,Karen
951,Fred,Ryan
952,Ronald,Diane
953,Matthew,Walter
954,Wanda,Ruby
955,Jose,Pamela
956,Sandra,Julie
957,Justin,Matthew
958,Cynthia,Teresa
959,Ruth,Lois
960,Heather,Carol
961,Shawn,Christina
962,Joshua,Andrew
963,Rachel,Lisa
964,Eugene,Gregory
965,Lawrence,Michael
966,Joseph,Sean
967,Phyllis,Paul
968,Thomas,Amy
969,Christina,Jerry
970,Kelly,Tina
971,Eric,Mary
972,Jane,Matthew
973,Ronald,Johnny
974,Harry,Kevin
975,Rachel,Jeremy
976,Amanda,Kathleen
977,Joyce,Andrew
978,Anna,Sara
979,Victor,Mildred
980,Douglas,Kevin
981,Marilyn,Terry
982,Tina,Ernest
983,George,Melissa
984,Carol,Harry
985,Kenneth,Peter
986,Cynthia,Howard
987,Jeffrey,Samuel
988,Randy,Robin
989,Matthew,Joyce
990,Gary,Jennifer
991,Scott,Katherine
992,Philip,Charles
993,Thomas,Lillian
994,Chris,Kevin
995,Jane,Sarah
996,Martha,Judith
997,Edward,Phillip
998,Bonnie,Jean
999,Kathryn,Helen
1000,Marie,Amanda
